{"_main_scale": 1.0, "colors": {"COLOR_TEXT": [1.0, 1.0, 1.0, 1.0], "COLOR_TEXT_DISABLED": [0.5, 0.5, 0.5, 1.0], "COLOR_WINDOW_BACKGROUND": [0.0, 0.0, 0.0, 1.0], "COLOR_CHILD_BACKGROUND": [0.0, 0.0, 0.0, 0.0], "COLOR_POPUP_BACKGROUND": [0.0, 0.0, 0.0, 0.9200000166893005], "COLOR_BORDER": [0.5288399457931519, 0.5288399457931519, 0.5288399457931519, 0.5899999737739563], "COLOR_BORDER_SHADOW": [0.0, 0.0, 0.0, 0.23999999463558197], "COLOR_FRAME_BACKGROUND": [0.10588235408067703, 0.10588235408067703, 0.10588235408067703, 0.9058823585510254], "COLOR_FRAME_BACKGROUND_HOVERED": [0.25763997435569763, 0.25763997435569763, 0.25763997435569763, 0.5400000214576721], "COLOR_FRAME_BACKGROUND_ACTIVE": [0.2712000012397766, 0.3001641631126404, 0.3118799924850464, 1.0], "COLOR_TITLE_BACKGROUND": [0.0, 0.0, 0.0, 1.0], "COLOR_TITLE_BACKGROUND_ACTIVE": [0.08135999739170074, 0.08135999739170074, 0.08135999739170074, 1.0], "COLOR_TITLE_BACKGROUND_COLLAPSED": [0.0, 0.0, 0.0, 1.0], "COLOR_MENUBAR_BACKGROUND": [0.18983998894691467, 0.18983998894691467, 0.18983998894691467, 1.0], "COLOR_SCROLLBAR_BACKGROUND": [0.06780000030994415, 0.06780000030994415, 0.06780000030994415, 0.5400000214576721], "COLOR_SCROLLBAR_GRAB": [0.4610399901866913, 0.4610399901866913, 0.4610399901866913, 0.5400000214576721], "COLOR_SCROLLBAR_GRAB_HOVERED": [0.5424000024795532, 0.5424000024795532, 0.5424000024795532, 0.5400000214576721], "COLOR_SCROLLBAR_GRAB_ACTIVE": [0.7593599557876587, 0.7593599557876587, 0.7593599557876587, 0.5400000214576721], "COLOR_CHECK_MARK": [0.44748008251190186, 0.9591802954673767, 1.166159987449646, 1.0], "COLOR_SLIDER_GRAB": [0.4610399901866913, 0.4610399901866913, 0.4610399901866913, 0.5400000214576721], "COLOR_SLIDER_GRAB_ACTIVE": [0.7593599557876587, 0.7593599557876587, 0.7593599557876587, 0.5400000214576721], "COLOR_BUTTON": [0.4068000018596649, 0.4068000018596649, 0.4068000018596649, 0.5400000214576721], "COLOR_BUTTON_HOVERED": [0.25763997435569763, 0.25763997435569763, 0.25763997435569763, 0.5400000214576721], "COLOR_BUTTON_ACTIVE": [0.2712000012397766, 0.3001641631126404, 0.3118799924850464, 1.0], "COLOR_HEADER": [0.25, 0.25, 0.25, 1.0], "COLOR_HEADER_HOVERED": [0.0, 0.0, 0.0, 0.36000001430511475], "COLOR_HEADER_ACTIVE": [0.2712000012397766, 0.3001641631126404, 0.3118799924850464, 0.33000001311302185], "COLOR_SEPARATOR": [0.37967997789382935, 0.37967997789382935, 0.37967997789382935, 0.28999999165534973], "COLOR_SEPARATOR_HOVERED": [0.5966399908065796, 0.5966399908065796, 0.5966399908065796, 0.28999999165534973], "COLOR_SEPARATOR_ACTIVE": [0.5424000024795532, 0.6099830865859985, 0.6373199820518494, 1.0], "COLOR_RESIZE_GRIP": [0.37967997789382935, 0.37967997789382935, 0.37967997789382935, 0.28999999165534973], "COLOR_RESIZE_GRIP_HOVERED": [0.5966399908065796, 0.5966399908065796, 0.5966399908065796, 0.28999999165534973], "COLOR_RESIZE_GRIP_ACTIVE": [0.5424000024795532, 0.6099830865859985, 0.6373199820518494, 1.0], "COLOR_PLOT_LINES": [0.0, 0.0, 0.0, 1.0], "COLOR_PLOT_LINES_HOVERED": [0.18983998894691467, 0.18983998894691467, 0.18983998894691467, 1.0], "COLOR_PLOT_HISTOGRAM": [0.0, 0.0, 0.0, 0.5199999809265137], "COLOR_PLOT_HISTOGRAM_HOVERED": [0.2712000012397766, 0.2712000012397766, 0.2712000012397766, 0.36000001430511475], "COLOR_TEXT_SELECTED_BACKGROUND": [1.4282628297805786, 1.4351803064346313, 1.4379783868789673, 1.0], "COLOR_DRAG_DROP_TARGET": [0.0, 0.0, 0.0, 0.5199999809265137], "COLOR_NAV_HIGHLIGHT": [0.18983998894691467, 0.18983998894691467, 0.18983998894691467, 1.0], "COLOR_NAV_WINDOWING_HIGHLIGHT": [1.4573394060134888, 1.4644490480422974, 1.4673248529434204, 0.0], "COLOR_NAV_WINDOWING_DIM_BACKGROUND": [0.44748008251190186, 0.9591802954673767, 1.166159987449646, 1.0], "COLOR_MODAL_WINDOW_DIM_BACKGROUND": [0.0, 0.9654727578163147, 1.3559999465942383, 1.0]}, "_next_frame_font_size_base": 0.0, "alpha": 1.0, "anti_aliased_fill": true, "anti_aliased_lines": true, "anti_aliased_lines_use_tex": true, "button_text_align": [0.5, 0.5], "cell_padding": [6.0, 6.0], "child_border_size": 1.0, "child_rounding": 4.0, "circle_tessellation_max_error": 0.30000001192092896, "columns_min_spacing": 6.300000190734863, "curve_tessellation_tol": 1.25, "disabled_alpha": 0.6000000238418579, "display_safe_area_padding": [3.0, 3.0], "display_window_padding": [19.0, 19.0], "docking_node_has_close_button": true, "docking_separator_size": 2.0, "drag_drop_target_border_size": 2.0, "drag_drop_target_padding": 3.0, "drag_drop_target_rounding": 0.0, "font_scale_dpi": 1.0, "font_scale_main": 1.0, "font_size_base": 13.90625, "frame_border_size": 1.0, "frame_padding": [5.0, 2.0], "frame_rounding": 3.0, "grab_min_size": 10.0, "grab_rounding": 3.0, "hover_delay_normal": 0.4000000059604645, "hover_delay_short": 0.15000000596046448, "hover_flags_for_tooltip_mouse": 41984, "hover_flags_for_tooltip_nav": 197632, "hover_stationary_delay": 0.15000000596046448, "image_border_size": 0.0, "image_rounding": 0.0, "indent_spacing": 25.0, "item_inner_spacing": [6.0, 6.0], "item_spacing": [6.0, 6.0], "layout_align": 0.5, "log_slider_deadzone": 4.0, "mouse_cursor_scale": 1.0, "popup_border_size": 1.0, "popup_rounding": 4.0, "scrollbar_padding": 2.0, "scrollbar_rounding": 9.0, "scrollbar_size": 15.0, "selectable_text_align": [0.0, 0.5], "separator_text_align": [0.0, 0.5], "separator_text_border_size": 3.0, "separator_text_padding": [20.0, 3.0], "tab_bar_border_size": 1.0, "tab_bar_overline_size": 1.0, "tab_border_size": 1.0, "tab_close_button_min_width_selected": -1.0, "tab_close_button_min_width_unselected": 0.0, "tab_min_width_base": 1.0, "tab_min_width_shrink": 80.0, "tab_rounding": 4.0, "table_angled_headers_angle": 0.6108652353286743, "table_angled_headers_text_align": [0.5, 0.0], "touch_extra_padding": [0.0, 0.0], "tree_lines_flags": 262144, "tree_lines_rounding": 0.0, "tree_lines_size": 1.0, "window_border_hover_padding": 4.0, "window_border_size": 1.0, "window_menu_button_position": 0, "window_min_size": [20.0, 32.0], "window_padding": [8.0, 8.0], "window_rounding": 7.0, "window_title_align": [0.5, 0.5]}