{"_main_scale": 1.0, "colors": {"COLOR_TEXT": [0.8708587884902954, 0.8047176003456116, 0.8630541563034058, 0.8799999952316284], "COLOR_TEXT_DISABLED": [0.8708587884902954, 0.8047176003456116, 0.8630541563034058, 0.2800000011920929], "COLOR_WINDOW_BACKGROUND": [0.12941177189350128, 0.13725490868091583, 0.16862745583057404, 1.0], "COLOR_CHILD_BACKGROUND": [0.0, 0.0, 0.0, 0.0], "COLOR_POPUP_BACKGROUND": [0.258400022983551, 0.19380001723766327, 0.2507772445678711, 0.8999999761581421], "COLOR_BORDER": [0.5216745734214783, 0.24750983715057373, 0.4893232583999634, 0.16200000047683716], "COLOR_BORDER_SHADOW": [0.0, 0.0, 0.0, 0.0], "COLOR_FRAME_BACKGROUND": [0.2666666805744171, 0.20000001788139343, 0.25880002975463867, 1.0], "COLOR_FRAME_BACKGROUND_HOVERED": [0.44170981645584106, 0.1903921663761139, 0.4120544493198395, 0.7799999713897705], "COLOR_FRAME_BACKGROUND_ACTIVE": [0.44170981645584106, 0.1903921663761139, 0.4120544493198395, 1.0], "COLOR_TITLE_BACKGROUND": [0.26274120807647705, 0.19420000910758972, 0.25465336441993713, 1.0], "COLOR_TITLE_BACKGROUND_ACTIVE": [0.4874039590358734, 0.07234902679920197, 0.4384276568889618, 1.0], "COLOR_TITLE_BACKGROUND_COLLAPSED": [0.2589333653450012, 0.19420002400875092, 0.2512948513031006, 0.75], "COLOR_MENUBAR_BACKGROUND": [0.2589333653450012, 0.19420002400875092, 0.2512948513031006, 0.4699999988079071], "COLOR_SCROLLBAR_BACKGROUND": [0.2589333653450012, 0.19420002400875092, 0.2512948513031006, 1.0], "COLOR_SCROLLBAR_GRAB": [0.1523137390613556, 0.08377254754304886, 0.14422591030597687, 1.0], "COLOR_SCROLLBAR_GRAB_HOVERED": [0.44170981645584106, 0.1903921663761139, 0.4120544493198395, 0.7799999713897705], "COLOR_SCROLLBAR_GRAB_ACTIVE": [0.44170981645584106, 0.1903921663761139, 0.4120544493198395, 1.0], "COLOR_CHECK_MARK": [0.6892196536064148, 0.21323919296264648, 0.6330541968345642, 1.0], "COLOR_SLIDER_GRAB": [0.8034549355506897, 0.45313337445259094, 0.7621171474456787, 0.14000000059604645], "COLOR_SLIDER_GRAB_ACTIVE": [0.6892196536064148, 0.21323919296264648, 0.6330541968345642, 1.0], "COLOR_BUTTON": [0.8034549355506897, 0.45313337445259094, 0.7621171474456787, 0.14000000059604645], "COLOR_BUTTON_HOVERED": [0.44170981645584106, 0.1903921663761139, 0.4120544493198395, 0.8600000143051147], "COLOR_BUTTON_ACTIVE": [0.44170981645584106, 0.1903921663761139, 0.4120544493198395, 1.0], "COLOR_HEADER": [0.44170981645584106, 0.1903921663761139, 0.4120544493198395, 0.7599999904632568], "COLOR_HEADER_HOVERED": [0.44170981645584106, 0.1903921663761139, 0.4120544493198395, 0.8600000143051147], "COLOR_HEADER_ACTIVE": [0.4874039590358734, 0.07234902679920197, 0.4384276568889618, 1.0], "COLOR_SEPARATOR": [0.4835960865020752, 0.41505491733551025, 0.4755082428455353, 0.5], "COLOR_SEPARATOR_HOVERED": [0.7272980809211731, 0.09519609808921814, 0.6527103185653687, 0.7799999713897705], "COLOR_SEPARATOR_ACTIVE": [0.7272980809211731, 0.09519609808921814, 0.6527103185653687, 1.0], "COLOR_RESIZE_GRIP": [0.8034549355506897, 0.45313337445259094, 0.7621171474456787, 0.03999999910593033], "COLOR_RESIZE_GRIP_HOVERED": [0.44170981645584106, 0.1903921663761139, 0.4120544493198395, 0.7799999713897705], "COLOR_RESIZE_GRIP_ACTIVE": [0.44170981645584106, 0.1903921663761139, 0.4120544493198395, 1.0], "COLOR_PLOT_LINES": [0.0, 0.0, 0.0, 1.0], "COLOR_PLOT_LINES_HOVERED": [0.9481529593467712, 0.2513176500797272, 0.8659267425537109, 0.800000011920929], "COLOR_PLOT_HISTOGRAM": [0.5597530007362366, 0.17135293781757355, 0.5139219760894775, 0.8619999885559082], "COLOR_PLOT_HISTOGRAM_HOVERED": [0.6587569117546082, 0.1903921514749527, 0.6034901142120361, 1.0], "COLOR_TEXT_SELECTED_BACKGROUND": [1.080994963645935, 1.0736398696899414, 1.0801270008087158, 1.0], "COLOR_DRAG_DROP_TARGET": [0.1408902108669281, 0.0647333413362503, 0.131903737783432, 0.9724000096321106], "COLOR_NAV_HIGHLIGHT": [0.4112470746040344, 0.1294666975736618, 0.37799710035324097, 1.0], "COLOR_NAV_WINDOWING_HIGHLIGHT": [1.1030560731887817, 1.095496654510498, 1.1021640300750732, 0.0], "COLOR_NAV_WINDOWING_DIM_BACKGROUND": [1.080994963645935, 1.0736398696899414, 1.0801270008087158, 0.21699999272823334], "COLOR_MODAL_WINDOW_DIM_BACKGROUND": [0.22061121463775635, 0.22061121463775635, 0.22061121463775635, 1.0]}, "_next_frame_font_size_base": 0.0, "alpha": 1.0, "anti_aliased_fill": true, "anti_aliased_lines": true, "anti_aliased_lines_use_tex": true, "button_text_align": [0.5, 0.5], "cell_padding": [4.0, 2.0], "child_border_size": 1.0, "child_rounding": 0.0, "circle_tessellation_max_error": 0.30000001192092896, "columns_min_spacing": 6.0, "curve_tessellation_tol": 1.25, "disabled_alpha": 0.6000000238418579, "display_safe_area_padding": [3.0, 3.0], "display_window_padding": [19.0, 19.0], "docking_node_has_close_button": true, "docking_separator_size": 2.0, "drag_drop_target_border_size": 2.0, "drag_drop_target_padding": 3.0, "drag_drop_target_rounding": 0.0, "font_scale_dpi": 1.0, "font_scale_main": 1.0, "font_size_base": 13.90625, "frame_border_size": 1.0, "frame_padding": [5.0, 1.0], "frame_rounding": 3.0, "grab_min_size": 20.0, "grab_rounding": 2.0, "hover_delay_normal": 0.4000000059604645, "hover_delay_short": 0.15000000596046448, "hover_flags_for_tooltip_mouse": 41984, "hover_flags_for_tooltip_nav": 197632, "hover_stationary_delay": 0.15000000596046448, "image_border_size": 0.0, "image_rounding": 0.0, "indent_spacing": 6.0, "item_inner_spacing": [1.0, 1.0], "item_spacing": [7.0, 3.0], "layout_align": 0.5, "log_slider_deadzone": 4.0, "mouse_cursor_scale": 1.0, "popup_border_size": 1.0, "popup_rounding": 0.0, "scrollbar_padding": 2.0, "scrollbar_rounding": 16.0, "scrollbar_size": 13.0, "selectable_text_align": [0.0, 0.0], "separator_text_align": [0.0, 0.5], "separator_text_border_size": 3.0, "separator_text_padding": [20.0, 3.0], "tab_bar_border_size": 1.0, "tab_bar_overline_size": 1.0, "tab_border_size": 1.0, "tab_close_button_min_width_selected": -1.0, "tab_close_button_min_width_unselected": 0.0, "tab_min_width_base": 1.0, "tab_min_width_shrink": 80.0, "tab_rounding": 4.0, "table_angled_headers_angle": 0.6108652353286743, "table_angled_headers_text_align": [0.5, 0.0], "touch_extra_padding": [0.0, 0.0], "tree_lines_flags": 262144, "tree_lines_rounding": 0.0, "tree_lines_size": 1.0, "window_border_hover_padding": 4.0, "window_border_size": 1.0, "window_menu_button_position": 0, "window_min_size": [32.0, 32.0], "window_padding": [6.0, 3.0], "window_rounding": 0.0, "window_title_align": [0.5, 0.5]}