{"_main_scale": 1.0, "colors": {"COLOR_TEXT": [0.7333333492279053, 0.7333333492279053, 0.7333333492279053, 1.0], "COLOR_TEXT_DISABLED": [0.3450980484485626, 0.3450980484485626, 0.3450980484485626, 1.0], "COLOR_WINDOW_BACKGROUND": [0.23529411852359772, 0.24705882370471954, 0.2549019753932953, 0.9399999976158142], "COLOR_CHILD_BACKGROUND": [0.23529411852359772, 0.24705882370471954, 0.2549019753932953, 0.0], "COLOR_POPUP_BACKGROUND": [0.23529411852359772, 0.24705882370471954, 0.2549019753932953, 0.9399999976158142], "COLOR_BORDER": [0.5333333611488342, 0.5333333611488342, 0.5333333611488342, 0.5], "COLOR_BORDER_SHADOW": [0.1568627506494522, 0.1568627506494522, 0.1568627506494522, 0.0], "COLOR_FRAME_BACKGROUND": [0.16862745583057404, 0.16862745583057404, 0.16862745583057404, 0.5400000214576721], "COLOR_FRAME_BACKGROUND_HOVERED": [0.45098036527633667, 0.6745098233222961, 0.9960784316062927, 0.6700000166893005], "COLOR_FRAME_BACKGROUND_ACTIVE": [0.47058823704719543, 0.47058823704719543, 0.47058823704719543, 0.6700000166893005], "COLOR_TITLE_BACKGROUND": [0.03921568766236305, 0.03921568766236305, 0.03921568766236305, 1.0], "COLOR_TITLE_BACKGROUND_ACTIVE": [0.0, 0.0, 0.0, 0.5099999904632568], "COLOR_TITLE_BACKGROUND_COLLAPSED": [0.1568627655506134, 0.28627467155456543, 0.47843137383461, 1.0], "COLOR_MENUBAR_BACKGROUND": [0.2705882489681244, 0.2862745225429535, 0.29019609093666077, 0.800000011920929], "COLOR_SCROLLBAR_BACKGROUND": [0.2705882489681244, 0.2862745225429535, 0.29019609093666077, 0.6000000238418579], "COLOR_SCROLLBAR_GRAB": [0.4196076989173889, 0.40980392694473267, 0.5196078419685364, 0.5099999904632568], "COLOR_SCROLLBAR_GRAB_HOVERED": [0.21960784494876862, 0.3098040521144867, 0.41960784792900085, 1.0], "COLOR_SCROLLBAR_GRAB_ACTIVE": [0.13725489377975464, 0.1921570748090744, 0.39411765336990356, 0.9100000262260437], "COLOR_CHECK_MARK": [0.8980392217636108, 0.8980392217636108, 0.8980392217636108, 0.8299999833106995], "COLOR_SLIDER_GRAB": [0.6980392336845398, 0.6980392336845398, 0.6980392336845398, 0.6200000047683716], "COLOR_SLIDER_GRAB_ACTIVE": [0.2980392277240753, 0.2980392277240753, 0.2980392277240753, 0.8399999737739563], "COLOR_BUTTON": [0.3333333432674408, 0.3529411852359772, 0.3607843220233917, 0.49000000953674316], "COLOR_BUTTON_HOVERED": [0.21960784494876862, 0.3098040521144867, 0.41960784792900085, 1.0], "COLOR_BUTTON_ACTIVE": [0.13725492358207703, 0.1921568661928177, 0.26274511218070984, 1.0], "COLOR_HEADER": [0.3333333432674408, 0.3529411852359772, 0.3607843220233917, 0.5299999713897705], "COLOR_HEADER_HOVERED": [0.45098036527633667, 0.6745098233222961, 0.9960784316062927, 0.6700000166893005], "COLOR_HEADER_ACTIVE": [0.47058823704719543, 0.47058823704719543, 0.47058823704719543, 0.6700000166893005], "COLOR_SEPARATOR": [0.3137255012989044, 0.3137255012989044, 0.3137255012989044, 1.0], "COLOR_SEPARATOR_HOVERED": [0.3137255012989044, 0.3137255012989044, 0.3137255012989044, 1.0], "COLOR_SEPARATOR_ACTIVE": [0.3137255012989044, 0.3137255012989044, 0.3137255012989044, 1.0], "COLOR_RESIZE_GRIP": [1.0, 1.0, 1.0, 0.8500000238418579], "COLOR_RESIZE_GRIP_HOVERED": [1.0, 1.0, 1.0, 0.6000000238418579], "COLOR_RESIZE_GRIP_ACTIVE": [1.0, 1.0, 1.0, 0.8999999761581421], "COLOR_PLOT_LINES": [0.0, 0.0, 0.0, 1.0], "COLOR_PLOT_LINES_HOVERED": [0.25882354378700256, 0.5882357358932495, 0.9764705896377563, 0.800000011920929], "COLOR_PLOT_HISTOGRAM": [0.1764705777168274, 0.3490198254585266, 0.5764706134796143, 0.8619999885559082], "COLOR_PLOT_HISTOGRAM_HOVERED": [0.19607841968536377, 0.4078434109687805, 0.6784313917160034, 1.0], "COLOR_TEXT_SELECTED_BACKGROUND": [1.080994963645935, 1.0736398696899414, 1.0801270008087158, 1.0], "COLOR_DRAG_DROP_TARGET": [0.06666667014360428, 0.10196083039045334, 0.14509804546833038, 0.9724000096321106], "COLOR_NAV_HIGHLIGHT": [0.13333335518836975, 0.2588237524032593, 0.42352941632270813, 1.0], "COLOR_NAV_WINDOWING_HIGHLIGHT": [1.1030560731887817, 1.095496654510498, 1.1021640300750732, 0.0], "COLOR_NAV_WINDOWING_DIM_BACKGROUND": [1.080994963645935, 1.0736398696899414, 1.0801270008087158, 0.21699999272823334], "COLOR_MODAL_WINDOW_DIM_BACKGROUND": [0.22061121463775635, 0.22061121463775635, 0.22061121463775635, 1.0]}, "_next_frame_font_size_base": 0.0, "alpha": 1.0, "anti_aliased_fill": true, "anti_aliased_lines": true, "anti_aliased_lines_use_tex": true, "button_text_align": [0.5, 0.5], "cell_padding": [4.0, 2.0], "child_border_size": 1.0, "child_rounding": 1.0, "circle_tessellation_max_error": 0.30000001192092896, "columns_min_spacing": 6.0, "curve_tessellation_tol": 1.25, "disabled_alpha": 0.6000000238418579, "display_safe_area_padding": [3.0, 3.0], "display_window_padding": [19.0, 19.0], "docking_node_has_close_button": true, "docking_separator_size": 2.0, "drag_drop_target_border_size": 2.0, "drag_drop_target_padding": 3.0, "drag_drop_target_rounding": 0.0, "font_scale_dpi": 1.0, "font_scale_main": 1.0, "font_size_base": 13.90625, "frame_border_size": 1.0, "frame_padding": [5.0, 1.0], "frame_rounding": 3.0, "grab_min_size": 20.0, "grab_rounding": 1.0, "hover_delay_normal": 0.4000000059604645, "hover_delay_short": 0.15000000596046448, "hover_flags_for_tooltip_mouse": 41984, "hover_flags_for_tooltip_nav": 197632, "hover_stationary_delay": 0.15000000596046448, "image_border_size": 0.0, "image_rounding": 0.0, "indent_spacing": 6.0, "item_inner_spacing": [1.0, 1.0], "item_spacing": [7.0, 3.0], "layout_align": 0.5, "log_slider_deadzone": 4.0, "mouse_cursor_scale": 1.0, "popup_border_size": 1.0, "popup_rounding": 1.0, "scrollbar_padding": 2.0, "scrollbar_rounding": 4.0, "scrollbar_size": 13.0, "selectable_text_align": [0.0, 0.0], "separator_text_align": [0.0, 0.5], "separator_text_border_size": 3.0, "separator_text_padding": [20.0, 3.0], "tab_bar_border_size": 1.0, "tab_bar_overline_size": 1.0, "tab_border_size": 1.0, "tab_close_button_min_width_selected": -1.0, "tab_close_button_min_width_unselected": 0.0, "tab_min_width_base": 1.0, "tab_min_width_shrink": 80.0, "tab_rounding": 1.0, "table_angled_headers_angle": 0.6108652353286743, "table_angled_headers_text_align": [0.5, 0.0], "touch_extra_padding": [0.0, 0.0], "tree_lines_flags": 262144, "tree_lines_rounding": 0.0, "tree_lines_size": 1.0, "window_border_hover_padding": 4.0, "window_border_size": 1.0, "window_menu_button_position": 0, "window_min_size": [32.0, 32.0], "window_padding": [6.0, 3.0], "window_rounding": 1.0, "window_title_align": [0.5, 0.5]}