{"_main_scale": 1.0, "colors": {"COLOR_TEXT": [0.8799999952316284, 0.8799999952316284, 0.8799999952316284, 1.0], "COLOR_TEXT_DISABLED": [0.6000000238418579, 0.6000000238418579, 0.6000000238418579, 1.0], "COLOR_WINDOW_BACKGROUND": [0.13772733509540558, 0.14160005748271942, 0.14911764860153198, 0.8648000359535217], "COLOR_CHILD_BACKGROUND": [0.13772733509540558, 0.14160005748271942, 0.14911764860153198, 0.0], "COLOR_POPUP_BACKGROUND": [0.13772733509540558, 0.14160005748271942, 0.14911764860153198, 0.8648000359535217], "COLOR_BORDER": [0.5232000350952148, 0.5232000350952148, 0.5232000350952148, 0.46000000834465027], "COLOR_BORDER_SHADOW": [0.15388235449790955, 0.15388235449790955, 0.15388235449790955, 0.0], "COLOR_FRAME_BACKGROUND": [0.14509804546833038, 0.12156862765550613, 0.12156862765550613, 0.8705882430076599], "COLOR_FRAME_BACKGROUND_HOVERED": [0.44615495204925537, 0.6266946196556091, 0.977152943611145, 0.6164000034332275], "COLOR_FRAME_BACKGROUND_ACTIVE": [0.46164706349372864, 0.46164706349372864, 0.46164706349372864, 0.6164000034332275], "COLOR_TITLE_BACKGROUND": [0.038470588624477386, 0.038470588624477386, 0.038470588624477386, 1.0], "COLOR_TITLE_BACKGROUND_ACTIVE": [0.0, 0.0, 0.0, 0.4691999852657318], "COLOR_TITLE_BACKGROUND_COLLAPSED": [0.15609057247638702, 0.2625957727432251, 0.4693411886692047, 1.0], "COLOR_MENUBAR_BACKGROUND": [0.2655816972255707, 0.27207595109939575, 0.28468236327171326, 0.7360000014305115], "COLOR_SCROLLBAR_BACKGROUND": [0.2655816972255707, 0.27207595109939575, 0.28468236327171326, 0.5520000457763672], "COLOR_SCROLLBAR_GRAB": [0.4027716815471649, 0.43913933634757996, 0.5097352862358093, 0.4691999852657318], "COLOR_SCROLLBAR_GRAB_HOVERED": [0.2168087214231491, 0.2830498218536377, 0.41163530945777893, 1.0], "COLOR_SCROLLBAR_GRAB_ACTIVE": [0.1364109069108963, 0.22148536145687103, 0.3866294324398041, 0.8372000455856323], "COLOR_CHECK_MARK": [0.8809764981269836, 0.8809764981269836, 0.8809764981269836, 0.7635999917984009], "COLOR_SLIDER_GRAB": [0.6847764849662781, 0.6847764849662781, 0.6847764849662781, 0.5703999996185303], "COLOR_SLIDER_GRAB_ACTIVE": [0.29237648844718933, 0.29237648844718933, 0.29237648844718933, 0.7727999687194824], "COLOR_BUTTON": [0.32718852162361145, 0.3362804651260376, 0.35392943024635315, 0.4508000314235687], "COLOR_BUTTON_HOVERED": [0.2168087214231491, 0.2830498218536377, 0.41163530945777893, 1.0], "COLOR_BUTTON_ACTIVE": [0.13550880551338196, 0.17707186937332153, 0.2577529549598694, 1.0], "COLOR_HEADER": [0.45806390047073364, 0.47079262137413025, 0.49550119042396545, 0.4875999689102173], "COLOR_HEADER_HOVERED": [0.44615495204925537, 0.6266946196556091, 0.977152943611145, 0.6164000034332275], "COLOR_HEADER_ACTIVE": [0.46164706349372864, 0.46164706349372864, 0.46164706349372864, 0.6164000034332275], "COLOR_SEPARATOR": [0.3077647089958191, 0.3077647089958191, 0.3077647089958191, 1.0], "COLOR_SEPARATOR_HOVERED": [0.3077647089958191, 0.3077647089958191, 0.3077647089958191, 1.0], "COLOR_SEPARATOR_ACTIVE": [0.3077647089958191, 0.3077647089958191, 0.3077647089958191, 1.0], "COLOR_RESIZE_GRIP": [0.9810000061988831, 0.9810000061988831, 0.9810000061988831, 0.7820000648498535], "COLOR_RESIZE_GRIP_HOVERED": [0.9810000061988831, 0.9810000061988831, 0.9810000061988831, 0.5520000457763672], "COLOR_RESIZE_GRIP_ACTIVE": [0.9810000061988831, 0.9810000061988831, 0.9810000061988831, 0.828000009059906], "COLOR_PLOT_LINES": [0.0, 0.0, 0.0, 1.0], "COLOR_PLOT_LINES_HOVERED": [0.25883397459983826, 0.49652233719825745, 0.9579176306724548, 0.7360000014305115], "COLOR_PLOT_HISTOGRAM": [0.17586445808410645, 0.3083467185497284, 0.5655176639556885, 0.7930399775505066], "COLOR_PLOT_HISTOGRAM_HOVERED": [0.19566527009010315, 0.35542330145835876, 0.6655411720275879, 1.0], "COLOR_TEXT_SELECTED_BACKGROUND": [1.0532912015914917, 1.0557273626327515, 1.0604560375213623, 1.0], "COLOR_DRAG_DROP_TARGET": [0.06593859940767288, 0.09191552549600601, 0.14234118163585663, 0.8946080207824707], "COLOR_NAV_HIGHLIGHT": [0.13279281556606293, 0.22890745103359222, 0.41548237204551697, 1.0], "COLOR_NAV_WINDOWING_HIGHLIGHT": [1.074734091758728, 1.0772377252578735, 1.0820980072021484, 0.0], "COLOR_NAV_WINDOWING_DIM_BACKGROUND": [1.0532912015914917, 1.0557273626327515, 1.0604560375213623, 0.19963999092578888], "COLOR_MODAL_WINDOW_DIM_BACKGROUND": [0.21641960740089417, 0.21641960740089417, 0.21641960740089417, 1.0]}, "_next_frame_font_size_base": 0.0, "alpha": 1.0, "anti_aliased_fill": true, "anti_aliased_lines": true, "anti_aliased_lines_use_tex": true, "button_text_align": [0.5, 0.5], "cell_padding": [4.0, 2.0], "child_border_size": 1.0, "child_rounding": 3.0, "circle_tessellation_max_error": 0.30000001192092896, "columns_min_spacing": 6.0, "curve_tessellation_tol": 1.25, "disabled_alpha": 0.6000000238418579, "display_safe_area_padding": [3.0, 3.0], "display_window_padding": [19.0, 19.0], "docking_node_has_close_button": true, "docking_separator_size": 2.0, "drag_drop_target_border_size": 2.0, "drag_drop_target_padding": 3.0, "drag_drop_target_rounding": 0.0, "font_scale_dpi": 1.0, "font_scale_main": 1.0, "font_size_base": 13.90625, "frame_border_size": 1.0, "frame_padding": [5.0, 1.0], "frame_rounding": 3.0, "grab_min_size": 20.0, "grab_rounding": 3.0, "hover_delay_normal": 0.4000000059604645, "hover_delay_short": 0.15000000596046448, "hover_flags_for_tooltip_mouse": 41984, "hover_flags_for_tooltip_nav": 197632, "hover_stationary_delay": 0.15000000596046448, "image_border_size": 0.0, "image_rounding": 0.0, "indent_spacing": 6.0, "item_inner_spacing": [1.0, 1.0], "item_spacing": [7.0, 3.0], "layout_align": 0.5, "log_slider_deadzone": 4.0, "mouse_cursor_scale": 1.0, "popup_border_size": 1.0, "popup_rounding": 3.0, "scrollbar_padding": 2.0, "scrollbar_rounding": 12.0, "scrollbar_size": 13.0, "selectable_text_align": [0.0, 0.0], "separator_text_align": [0.0, 0.5], "separator_text_border_size": 3.0, "separator_text_padding": [20.0, 3.0], "tab_bar_border_size": 1.0, "tab_bar_overline_size": 1.0, "tab_border_size": 1.0, "tab_close_button_min_width_selected": -1.0, "tab_close_button_min_width_unselected": 0.0, "tab_min_width_base": 1.0, "tab_min_width_shrink": 80.0, "tab_rounding": 3.0, "table_angled_headers_angle": 0.6108652353286743, "table_angled_headers_text_align": [0.5, 0.0], "touch_extra_padding": [0.0, 0.0], "tree_lines_flags": 262144, "tree_lines_rounding": 0.0, "tree_lines_size": 1.0, "window_border_hover_padding": 4.0, "window_border_size": 1.0, "window_menu_button_position": 0, "window_min_size": [32.0, 32.0], "window_padding": [6.0, 3.0], "window_rounding": 3.0, "window_title_align": [0.5, 0.5]}