{"_main_scale": 1.0, "colors": {"COLOR_TEXT": [0.09803921729326248, 0.09803921729326248, 0.09803921729326248, 1.0], "COLOR_TEXT_DISABLED": [0.49803921580314636, 0.49803921580314636, 0.49803921580314636, 1.0], "COLOR_WINDOW_BACKGROUND": [0.9490196108818054, 0.9490196108818054, 0.9490196108818054, 1.0], "COLOR_CHILD_BACKGROUND": [0.9490196108818054, 0.9490196108818054, 0.9490196108818054, 1.0], "COLOR_POPUP_BACKGROUND": [1.0, 1.0, 1.0, 1.0], "COLOR_BORDER": [0.6000000238418579, 0.6000000238418579, 0.6000000238418579, 1.0], "COLOR_BORDER_SHADOW": [0.0, 0.0, 0.0, 0.0], "COLOR_FRAME_BACKGROUND": [1.0, 1.0, 1.0, 1.0], "COLOR_FRAME_BACKGROUND_HOVERED": [0.6629804968833923, 0.7609805464744568, 0.8392156958580017, 0.20000000298023224], "COLOR_FRAME_BACKGROUND_ACTIVE": [0.6629804968833923, 0.7609805464744568, 0.8392156958580017, 1.0], "COLOR_TITLE_BACKGROUND": [0.4924706220626831, 0.5287059545516968, 0.5764706134796143, 0.8619999885559082], "COLOR_TITLE_BACKGROUND_ACTIVE": [0.577137291431427, 0.6216079592704773, 0.6784313917160034, 1.0], "COLOR_TITLE_BACKGROUND_COLLAPSED": [0.1286274492740631, 0.13603922724723816, 0.14509804546833038, 0.9724000096321106], "COLOR_MENUBAR_BACKGROUND": [0.8588235378265381, 0.8588235378265381, 0.8588235378265381, 1.0], "COLOR_SCROLLBAR_BACKGROUND": [0.8588235378265381, 0.8588235378265381, 0.8588235378265381, 1.0], "COLOR_SCROLLBAR_GRAB": [0.686274528503418, 0.686274528503418, 0.686274528503418, 1.0], "COLOR_SCROLLBAR_GRAB_HOVERED": [0.0, 0.0, 0.0, 0.20000000298023224], "COLOR_SCROLLBAR_GRAB_ACTIVE": [0.0, 0.0, 0.0, 0.5], "COLOR_CHECK_MARK": [0.09803921729326248, 0.09803921729326248, 0.09803921729326248, 1.0], "COLOR_SLIDER_GRAB": [0.686274528503418, 0.686274528503418, 0.686274528503418, 1.0], "COLOR_SLIDER_GRAB_ACTIVE": [0.0, 0.0, 0.0, 0.5], "COLOR_BUTTON": [0.8588235378265381, 0.8588235378265381, 0.8588235378265381, 1.0], "COLOR_BUTTON_HOVERED": [0.6629804968833923, 0.7609805464744568, 0.8392156958580017, 0.20000000298023224], "COLOR_BUTTON_ACTIVE": [0.6629804968833923, 0.7609805464744568, 0.8392156958580017, 1.0], "COLOR_HEADER": [0.8588235378265381, 0.8588235378265381, 0.8588235378265381, 1.0], "COLOR_HEADER_HOVERED": [0.6629804968833923, 0.7609805464744568, 0.8392156958580017, 0.20000000298023224], "COLOR_HEADER_ACTIVE": [0.6629804968833923, 0.7609805464744568, 0.8392156958580017, 1.0], "COLOR_SEPARATOR": [0.48321568965911865, 0.48321568965911865, 0.49803921580314636, 0.5], "COLOR_SEPARATOR_HOVERED": [0.6123137474060059, 0.6757256388664246, 0.7490196228027344, 0.7799999713897705], "COLOR_SEPARATOR_ACTIVE": [0.6123137474060059, 0.6757256388664246, 0.7490196228027344, 1.0], "COLOR_RESIZE_GRIP": [0.8257647156715393, 0.8949412703514099, 0.9764705896377563, 0.20000000298023224], "COLOR_RESIZE_GRIP_HOVERED": [0.8257647156715393, 0.8949412703514099, 0.9764705896377563, 0.6700000166893005], "COLOR_RESIZE_GRIP_ACTIVE": [0.8257647156715393, 0.8949412703514099, 0.9764705896377563, 0.949999988079071], "COLOR_PLOT_LINES": [0.0, 0.0, 0.0, 1.0], "COLOR_PLOT_LINES_HOVERED": [0.7785000205039978, 0.7932000160217285, 0.8100000023841858, 0.800000011920929], "COLOR_PLOT_HISTOGRAM": [0.8036999702453613, 0.8058000206947327, 0.8100000023841858, 0.8600000143051147], "COLOR_PLOT_HISTOGRAM_HOVERED": [0.7874999642372131, 0.8105999827384949, 0.8399999737739563, 1.0], "COLOR_TEXT_SELECTED_BACKGROUND": [0.8288000226020813, 0.8981001377105713, 0.9800000190734863, 1.0], "COLOR_DRAG_DROP_TARGET": [0.8137999773025513, 0.8348000645637512, 0.8600000143051147, 0.9700000286102295], "COLOR_NAV_HIGHLIGHT": [0.8816999793052673, 0.9027000069618225, 0.9300000071525574, 1.0], "COLOR_NAV_WINDOWING_HIGHLIGHT": [0.8446000218391418, 0.9139000773429871, 1.0, 0.0], "COLOR_NAV_WINDOWING_DIM_BACKGROUND": [0.8288000226020813, 0.8981001377105713, 0.9800000190734863, 0.21699999272823334], "COLOR_MODAL_WINDOW_DIM_BACKGROUND": [0.20000000298023224, 0.20000000298023224, 0.20000000298023224, 1.0]}, "_next_frame_font_size_base": 0.0, "alpha": 1.0, "anti_aliased_fill": true, "anti_aliased_lines": true, "anti_aliased_lines_use_tex": true, "button_text_align": [0.5, 0.5], "cell_padding": [4.0, 2.0], "child_border_size": 1.0, "child_rounding": 3.0, "circle_tessellation_max_error": 0.30000001192092896, "columns_min_spacing": 6.0, "curve_tessellation_tol": 1.25, "disabled_alpha": 0.6000000238418579, "display_safe_area_padding": [3.0, 3.0], "display_window_padding": [19.0, 19.0], "docking_node_has_close_button": true, "docking_separator_size": 2.0, "drag_drop_target_border_size": 2.0, "drag_drop_target_padding": 3.0, "drag_drop_target_rounding": 0.0, "font_scale_dpi": 1.0, "font_scale_main": 1.0, "font_size_base": 13.90625, "frame_border_size": 1.0, "frame_padding": [4.0, 3.0], "frame_rounding": 3.0, "grab_min_size": 7.0, "grab_rounding": 3.0, "hover_delay_normal": 0.4000000059604645, "hover_delay_short": 0.15000000596046448, "hover_flags_for_tooltip_mouse": 41984, "hover_flags_for_tooltip_nav": 197632, "hover_stationary_delay": 0.15000000596046448, "image_border_size": 0.0, "image_rounding": 0.0, "indent_spacing": 21.0, "item_inner_spacing": [4.0, 4.0], "item_spacing": [8.0, 4.0], "layout_align": 0.5, "log_slider_deadzone": 4.0, "mouse_cursor_scale": 1.0, "popup_border_size": 1.0, "popup_rounding": 3.0, "scrollbar_padding": 2.0, "scrollbar_rounding": 12.0, "scrollbar_size": 13.0, "selectable_text_align": [0.0, 0.0], "separator_text_align": [0.0, 0.5], "separator_text_border_size": 3.0, "separator_text_padding": [20.0, 3.0], "tab_bar_border_size": 1.0, "tab_bar_overline_size": 1.0, "tab_border_size": 1.0, "tab_close_button_min_width_selected": -1.0, "tab_close_button_min_width_unselected": 0.0, "tab_min_width_base": 1.0, "tab_min_width_shrink": 80.0, "tab_rounding": 3.0, "table_angled_headers_angle": 0.6108652353286743, "table_angled_headers_text_align": [0.5, 0.0], "touch_extra_padding": [0.0, 0.0], "tree_lines_flags": 262144, "tree_lines_rounding": 0.0, "tree_lines_size": 1.0, "window_border_hover_padding": 4.0, "window_border_size": 1.0, "window_menu_button_position": 0, "window_min_size": [32.0, 32.0], "window_padding": [8.0, 8.0], "window_rounding": 3.0, "window_title_align": [0.0, 0.5]}