{"_main_scale": 1.0, "colors": {"COLOR_TEXT": [0.09803921729326248, 0.09803921729326248, 0.09803921729326248, 1.0], "COLOR_TEXT_DISABLED": [0.49803921580314636, 0.49803921580314636, 0.49803921580314636, 1.0], "COLOR_WINDOW_BACKGROUND": [0.8209019899368286, 0.8209019899368286, 0.8209019899368286, 1.0], "COLOR_CHILD_BACKGROUND": [0.8209019899368286, 0.8209019899368286, 0.8209019899368286, 1.0], "COLOR_POPUP_BACKGROUND": [0.8650000095367432, 0.8650000095367432, 0.8650000095367432, 1.0], "COLOR_BORDER": [0.681600034236908, 0.681600034236908, 0.681600034236908, 1.0], "COLOR_BORDER_SHADOW": [0.0, 0.0, 0.0, 0.0], "COLOR_FRAME_BACKGROUND": [1.0, 1.0, 1.0, 1.0], "COLOR_FRAME_BACKGROUND_HOVERED": [0.7531458139419556, 0.8644739389419556, 0.9533490538597107, 0.20000000298023224], "COLOR_FRAME_BACKGROUND_ACTIVE": [0.7531458139419556, 0.8644739389419556, 0.9533490538597107, 1.0], "COLOR_TITLE_BACKGROUND": [0.5594466328620911, 0.6006099581718445, 0.6548706293106079, 0.8619999885559082], "COLOR_TITLE_BACKGROUND_ACTIVE": [0.655627965927124, 0.7061466574668884, 0.770698070526123, 1.0], "COLOR_TITLE_BACKGROUND_COLLAPSED": [0.14612078666687012, 0.15454056859016418, 0.16483138501644135, 0.9724000096321106], "COLOR_MENUBAR_BACKGROUND": [0.9756235480308533, 0.9756235480308533, 0.9756235480308533, 1.0], "COLOR_SCROLLBAR_BACKGROUND": [0.9756235480308533, 0.9756235480308533, 0.9756235480308533, 1.0], "COLOR_SCROLLBAR_GRAB": [0.779607892036438, 0.779607892036438, 0.779607892036438, 1.0], "COLOR_SCROLLBAR_GRAB_HOVERED": [0.0, 0.0, 0.0, 0.20000000298023224], "COLOR_SCROLLBAR_GRAB_ACTIVE": [0.0, 0.0, 0.0, 0.5], "COLOR_CHECK_MARK": [0.11137255281209946, 0.11137255281209946, 0.11137255281209946, 1.0], "COLOR_SLIDER_GRAB": [0.779607892036438, 0.779607892036438, 0.779607892036438, 1.0], "COLOR_SLIDER_GRAB_ACTIVE": [0.0, 0.0, 0.0, 0.5], "COLOR_BUTTON": [0.9756235480308533, 0.9756235480308533, 0.9756235480308533, 1.0], "COLOR_BUTTON_HOVERED": [0.7531458139419556, 0.8644739389419556, 0.9533490538597107, 0.20000000298023224], "COLOR_BUTTON_ACTIVE": [0.7531458139419556, 0.8644739389419556, 0.9533490538597107, 1.0], "COLOR_HEADER": [0.9756235480308533, 0.9756235480308533, 0.9756235480308533, 1.0], "COLOR_HEADER_HOVERED": [0.7531458139419556, 0.8644739389419556, 0.9533490538597107, 0.20000000298023224], "COLOR_HEADER_ACTIVE": [0.7531458139419556, 0.8644739389419556, 0.9533490538597107, 1.0], "COLOR_SEPARATOR": [0.5489330887794495, 0.5489330887794495, 0.5657725930213928, 0.5], "COLOR_SEPARATOR_HOVERED": [0.6955884695053101, 0.7676243782043457, 0.850886344909668, 0.7799999713897705], "COLOR_SEPARATOR_ACTIVE": [0.6955884695053101, 0.7676243782043457, 0.850886344909668, 1.0], "COLOR_RESIZE_GRIP": [0.938068687915802, 1.016653299331665, 1.1092705726623535, 0.20000000298023224], "COLOR_RESIZE_GRIP_HOVERED": [0.938068687915802, 1.016653299331665, 1.1092705726623535, 0.6700000166893005], "COLOR_RESIZE_GRIP_ACTIVE": [0.938068687915802, 1.016653299331665, 1.1092705726623535, 0.949999988079071], "COLOR_PLOT_LINES": [0.0, 0.0, 0.0, 1.0], "COLOR_PLOT_LINES_HOVERED": [0.884376049041748, 0.9010753035545349, 0.9201600551605225, 0.800000011920929], "COLOR_PLOT_HISTOGRAM": [0.9130032062530518, 0.9153888821601868, 0.9201600551605225, 0.8600000143051147], "COLOR_PLOT_HISTOGRAM_HOVERED": [0.8946000337600708, 0.920841634273529, 0.9542400240898132, 1.0], "COLOR_TEXT_SELECTED_BACKGROUND": [1.077209711074829, 1.0937420129776, 1.1132800579071045, 1.0], "COLOR_DRAG_DROP_TARGET": [0.9244768619537354, 0.9483329653739929, 0.9769600629806519, 0.9700000286102295], "COLOR_NAV_HIGHLIGHT": [1.0016112327575684, 1.0254672765731812, 1.056480050086975, 1.0], "COLOR_NAV_WINDOWING_HIGHLIGHT": [1.0989277362823486, 1.1154600381851196, 1.1360000371932983, 0.0], "COLOR_NAV_WINDOWING_DIM_BACKGROUND": [1.077209711074829, 1.0937420129776, 1.1132800579071045, 0.21699999272823334], "COLOR_MODAL_WINDOW_DIM_BACKGROUND": [0.22720001637935638, 0.22720001637935638, 0.22720001637935638, 1.0]}, "_next_frame_font_size_base": 0.0, "alpha": 1.0, "anti_aliased_fill": true, "anti_aliased_lines": true, "anti_aliased_lines_use_tex": true, "button_text_align": [0.5, 0.5], "cell_padding": [4.0, 2.0], "child_border_size": 1.0, "child_rounding": 3.0, "circle_tessellation_max_error": 0.30000001192092896, "columns_min_spacing": 6.0, "curve_tessellation_tol": 1.25, "disabled_alpha": 0.6000000238418579, "display_safe_area_padding": [3.0, 3.0], "display_window_padding": [19.0, 19.0], "docking_node_has_close_button": true, "docking_separator_size": 2.0, "drag_drop_target_border_size": 2.0, "drag_drop_target_padding": 3.0, "drag_drop_target_rounding": 0.0, "font_scale_dpi": 1.0, "font_scale_main": 1.0, "font_size_base": 13.90625, "frame_border_size": 1.0, "frame_padding": [4.0, 3.0], "frame_rounding": 3.0, "grab_min_size": 7.0, "grab_rounding": 3.0, "hover_delay_normal": 0.4000000059604645, "hover_delay_short": 0.15000000596046448, "hover_flags_for_tooltip_mouse": 41984, "hover_flags_for_tooltip_nav": 197632, "hover_stationary_delay": 0.15000000596046448, "image_border_size": 0.0, "image_rounding": 0.0, "indent_spacing": 21.0, "item_inner_spacing": [4.0, 4.0], "item_spacing": [8.0, 4.0], "layout_align": 0.5, "log_slider_deadzone": 4.0, "mouse_cursor_scale": 1.0, "popup_border_size": 1.0, "popup_rounding": 3.0, "scrollbar_padding": 2.0, "scrollbar_rounding": 12.0, "scrollbar_size": 13.0, "selectable_text_align": [0.0, 0.0], "separator_text_align": [0.0, 0.5], "separator_text_border_size": 3.0, "separator_text_padding": [20.0, 3.0], "tab_bar_border_size": 1.0, "tab_bar_overline_size": 1.0, "tab_border_size": 1.0, "tab_close_button_min_width_selected": -1.0, "tab_close_button_min_width_unselected": 0.0, "tab_min_width_base": 1.0, "tab_min_width_shrink": 80.0, "tab_rounding": 3.0, "table_angled_headers_angle": 0.6108652353286743, "table_angled_headers_text_align": [0.5, 0.0], "touch_extra_padding": [0.0, 0.0], "tree_lines_flags": 262144, "tree_lines_rounding": 0.0, "tree_lines_size": 1.0, "window_border_hover_padding": 4.0, "window_border_size": 1.0, "window_menu_button_position": 0, "window_min_size": [32.0, 32.0], "window_padding": [8.0, 8.0], "window_rounding": 3.0, "window_title_align": [0.0, 0.5]}