{"_main_scale": 1.0, "colors": {"COLOR_TEXT": [1.0, 1.0, 1.0, 1.0], "COLOR_TEXT_DISABLED": [0.5, 0.5, 0.5, 1.0], "COLOR_WINDOW_BACKGROUND": [0.05999999865889549, 0.05999999865889549, 0.05999999865889549, 0.9399999976158142], "COLOR_CHILD_BACKGROUND": [0.0, 0.0, 0.0, 0.0], "COLOR_POPUP_BACKGROUND": [0.07999999821186066, 0.07999999821186066, 0.07999999821186066, 0.9399999976158142], "COLOR_BORDER": [0.4300000071525574, 0.4300000071525574, 0.5, 0.5], "COLOR_BORDER_SHADOW": [0.0, 0.0, 0.0, 0.0], "COLOR_FRAME_BACKGROUND": [0.1599999964237213, 0.28999999165534973, 0.47999998927116394, 0.5400000214576721], "COLOR_FRAME_BACKGROUND_HOVERED": [0.25999999046325684, 0.5899999737739563, 0.9800000190734863, 0.4000000059604645], "COLOR_FRAME_BACKGROUND_ACTIVE": [0.25999999046325684, 0.5899999737739563, 0.9800000190734863, 0.6700000166893005], "COLOR_TITLE_BACKGROUND": [0.03999999910593033, 0.03999999910593033, 0.03999999910593033, 1.0], "COLOR_TITLE_BACKGROUND_ACTIVE": [0.1599999964237213, 0.28999999165534973, 0.47999998927116394, 1.0], "COLOR_TITLE_BACKGROUND_COLLAPSED": [0.0, 0.0, 0.0, 0.5099999904632568], "COLOR_MENUBAR_BACKGROUND": [0.14000000059604645, 0.14000000059604645, 0.14000000059604645, 1.0], "COLOR_SCROLLBAR_BACKGROUND": [0.019999999552965164, 0.019999999552965164, 0.019999999552965164, 0.5299999713897705], "COLOR_SCROLLBAR_GRAB": [0.3100000023841858, 0.3100000023841858, 0.3100000023841858, 1.0], "COLOR_SCROLLBAR_GRAB_HOVERED": [0.4099999964237213, 0.4099999964237213, 0.4099999964237213, 1.0], "COLOR_SCROLLBAR_GRAB_ACTIVE": [0.5099999904632568, 0.5099999904632568, 0.5099999904632568, 1.0], "COLOR_CHECK_MARK": [0.25999999046325684, 0.5899999737739563, 0.9800000190734863, 1.0], "COLOR_SLIDER_GRAB": [0.23999999463558197, 0.5199999809265137, 0.8799999952316284, 1.0], "COLOR_SLIDER_GRAB_ACTIVE": [0.25999999046325684, 0.5899999737739563, 0.9800000190734863, 1.0], "COLOR_BUTTON": [0.25999999046325684, 0.5899999737739563, 0.9800000190734863, 0.4000000059604645], "COLOR_BUTTON_HOVERED": [0.25999999046325684, 0.5899999737739563, 0.9800000190734863, 1.0], "COLOR_BUTTON_ACTIVE": [0.05999999865889549, 0.5299999713897705, 0.9800000190734863, 1.0], "COLOR_HEADER": [0.25999999046325684, 0.5899999737739563, 0.9800000190734863, 0.3100000023841858], "COLOR_HEADER_HOVERED": [0.25999999046325684, 0.5899999737739563, 0.9800000190734863, 0.800000011920929], "COLOR_HEADER_ACTIVE": [0.25999999046325684, 0.5899999737739563, 0.9800000190734863, 1.0], "COLOR_SEPARATOR": [0.4300000071525574, 0.4300000071525574, 0.5, 0.5], "COLOR_SEPARATOR_HOVERED": [0.10000000149011612, 0.4000000059604645, 0.75, 0.7799999713897705], "COLOR_SEPARATOR_ACTIVE": [0.10000000149011612, 0.4000000059604645, 0.75, 1.0], "COLOR_RESIZE_GRIP": [0.25999999046325684, 0.5899999737739563, 0.9800000190734863, 0.20000000298023224], "COLOR_RESIZE_GRIP_HOVERED": [0.25999999046325684, 0.5899999737739563, 0.9800000190734863, 0.6700000166893005], "COLOR_RESIZE_GRIP_ACTIVE": [0.25999999046325684, 0.5899999737739563, 0.9800000190734863, 0.949999988079071], "COLOR_PLOT_LINES": [1.0, 1.0, 1.0, 1.0], "COLOR_PLOT_LINES_HOVERED": [0.25999999046325684, 0.5899999737739563, 0.9800000190734863, 0.800000011920929], "COLOR_PLOT_HISTOGRAM": [0.17999999225139618, 0.34999996423721313, 0.5800000429153442, 0.8619999885559082], "COLOR_PLOT_HISTOGRAM_HOVERED": [0.19999998807907104, 0.4099999666213989, 0.6800000071525574, 1.0], "COLOR_TEXT_SELECTED_BACKGROUND": [0.25999999046325684, 0.5899999737739563, 0.9800000190734863, 1.0], "COLOR_DRAG_DROP_TARGET": [0.06800000369548798, 0.10199998319149017, 0.14800003170967102, 0.9724000096321106], "COLOR_NAV_HIGHLIGHT": [0.13599997758865356, 0.2619999647140503, 0.42399999499320984, 1.0], "COLOR_NAV_WINDOWING_HIGHLIGHT": [0.5, 0.5, 0.5, 0.0], "COLOR_NAV_WINDOWING_DIM_BACKGROUND": [0.25999999046325684, 0.5899999737739563, 0.9800000190734863, 0.699999988079071], "COLOR_MODAL_WINDOW_DIM_BACKGROUND": [0.20000000298023224, 0.20000000298023224, 0.20000000298023224, 1.0]}, "_next_frame_font_size_base": 0.0, "alpha": 1.0, "anti_aliased_fill": true, "anti_aliased_lines": true, "anti_aliased_lines_use_tex": true, "button_text_align": [0.5, 0.5], "cell_padding": [6.0, 6.0], "child_border_size": 1.0, "child_rounding": 0.0, "circle_tessellation_max_error": 0.30000001192092896, "columns_min_spacing": 6.300000190734863, "curve_tessellation_tol": 1.25, "disabled_alpha": 0.6000000238418579, "display_safe_area_padding": [3.0, 3.0], "display_window_padding": [19.0, 19.0], "docking_node_has_close_button": true, "docking_separator_size": 2.0, "drag_drop_target_border_size": 2.0, "drag_drop_target_padding": 3.0, "drag_drop_target_rounding": 0.0, "font_scale_dpi": 1.0, "font_scale_main": 1.0, "font_size_base": 13.90625, "frame_border_size": 1.0, "frame_padding": [5.0, 2.0], "frame_rounding": 3.0, "grab_min_size": 10.0, "grab_rounding": 0.0, "hover_delay_normal": 0.4000000059604645, "hover_delay_short": 0.15000000596046448, "hover_flags_for_tooltip_mouse": 41984, "hover_flags_for_tooltip_nav": 197632, "hover_stationary_delay": 0.15000000596046448, "image_border_size": 0.0, "image_rounding": 0.0, "indent_spacing": 25.0, "item_inner_spacing": [6.0, 6.0], "item_spacing": [6.0, 6.0], "layout_align": 0.5, "log_slider_deadzone": 4.0, "mouse_cursor_scale": 1.0, "popup_border_size": 1.0, "popup_rounding": 0.0, "scrollbar_padding": 2.0, "scrollbar_rounding": 0.0, "scrollbar_size": 15.0, "selectable_text_align": [0.0, 0.5], "separator_text_align": [0.0, 0.5], "separator_text_border_size": 3.0, "separator_text_padding": [20.0, 3.0], "tab_bar_border_size": 1.0, "tab_bar_overline_size": 1.0, "tab_border_size": 1.0, "tab_close_button_min_width_selected": -1.0, "tab_close_button_min_width_unselected": 0.0, "tab_min_width_base": 1.0, "tab_min_width_shrink": 80.0, "tab_rounding": 0.0, "table_angled_headers_angle": 0.6108652353286743, "table_angled_headers_text_align": [0.5, 0.0], "touch_extra_padding": [0.0, 0.0], "tree_lines_flags": 262144, "tree_lines_rounding": 0.0, "tree_lines_size": 1.0, "window_border_hover_padding": 4.0, "window_border_size": 1.0, "window_menu_button_position": 0, "window_min_size": [20.0, 32.0], "window_padding": [8.0, 8.0], "window_rounding": 0.0, "window_title_align": [0.5, 0.5]}