{"_main_scale": 1.0, "colors": {"COLOR_TEXT": [0.0, 0.0, 0.0, 1.0], "COLOR_TEXT_DISABLED": [0.6000000238418579, 0.6000000238418579, 0.6000000238418579, 1.0], "COLOR_WINDOW_BACKGROUND": [0.9613733887672424, 0.9531213045120239, 0.9531213045120239, 1.0], "COLOR_CHILD_BACKGROUND": [0.0, 0.0, 0.0, 0.0], "COLOR_POPUP_BACKGROUND": [1.0, 1.0, 1.0, 0.9800000190734863], "COLOR_BORDER": [0.0, 0.0, 0.0, 0.30000001192092896], "COLOR_BORDER_SHADOW": [0.0, 0.0, 0.0, 0.0], "COLOR_FRAME_BACKGROUND": [1.0, 1.0, 1.0, 1.0], "COLOR_FRAME_BACKGROUND_HOVERED": [0.25882354378700256, 0.5882353186607361, 0.9764705896377563, 0.4000000059604645], "COLOR_FRAME_BACKGROUND_ACTIVE": [0.25882354378700256, 0.5882353186607361, 0.9764705896377563, 0.6700000166893005], "COLOR_TITLE_BACKGROUND": [0.95686274766922, 0.95686274766922, 0.95686274766922, 1.0], "COLOR_TITLE_BACKGROUND_ACTIVE": [0.8196078538894653, 0.8196078538894653, 0.8196078538894653, 1.0], "COLOR_TITLE_BACKGROUND_COLLAPSED": [1.0, 1.0, 1.0, 0.5099999904632568], "COLOR_MENUBAR_BACKGROUND": [0.8588235378265381, 0.8588235378265381, 0.8588235378265381, 1.0], "COLOR_SCROLLBAR_BACKGROUND": [0.9764705896377563, 0.9764705896377563, 0.9764705896377563, 0.5299999713897705], "COLOR_SCROLLBAR_GRAB": [0.686274528503418, 0.686274528503418, 0.686274528503418, 0.800000011920929], "COLOR_SCROLLBAR_GRAB_HOVERED": [0.48627451062202454, 0.48627451062202454, 0.48627451062202454, 0.800000011920929], "COLOR_SCROLLBAR_GRAB_ACTIVE": [0.48627451062202454, 0.48627451062202454, 0.48627451062202454, 1.0], "COLOR_CHECK_MARK": [0.25882354378700256, 0.5882353186607361, 0.9764705896377563, 1.0], "COLOR_SLIDER_GRAB": [0.25882354378700256, 0.5882353186607361, 0.9764705896377563, 0.7799999713897705], "COLOR_SLIDER_GRAB_ACTIVE": [0.4588235318660736, 0.5372549295425415, 0.800000011920929, 0.6000000238418579], "COLOR_BUTTON": [0.25882354378700256, 0.5882353186607361, 0.9764705896377563, 0.4000000059604645], "COLOR_BUTTON_HOVERED": [0.25882354378700256, 0.5882353186607361, 0.9764705896377563, 1.0], "COLOR_BUTTON_ACTIVE": [0.05882352963089943, 0.529411792755127, 0.9764705896377563, 1.0], "COLOR_HEADER": [0.25882354378700256, 0.5882353186607361, 0.9764705896377563, 0.3100000023841858], "COLOR_HEADER_HOVERED": [0.25882354378700256, 0.5882353186607361, 0.9764705896377563, 0.800000011920929], "COLOR_HEADER_ACTIVE": [0.25882354378700256, 0.5882353186607361, 0.9764705896377563, 1.0], "COLOR_SEPARATOR": [0.38823530077934265, 0.38823530077934265, 0.38823530077934265, 0.6200000047683716], "COLOR_SEPARATOR_HOVERED": [0.13725490868091583, 0.43921568989753723, 0.800000011920929, 0.7799999713897705], "COLOR_SEPARATOR_ACTIVE": [0.13725490868091583, 0.43921568989753723, 0.800000011920929, 1.0], "COLOR_RESIZE_GRIP": [0.3490196168422699, 0.3490196168422699, 0.3490196168422699, 0.17000000178813934], "COLOR_RESIZE_GRIP_HOVERED": [0.25882354378700256, 0.5882353186607361, 0.9764705896377563, 0.6700000166893005], "COLOR_RESIZE_GRIP_ACTIVE": [0.25882354378700256, 0.5882353186607361, 0.9764705896377563, 0.949999988079071], "COLOR_PLOT_LINES": [0.0, 0.0, 0.0, 1.0], "COLOR_PLOT_LINES_HOVERED": [0.25882354378700256, 0.5882353186607361, 0.9764705896377563, 0.800000011920929], "COLOR_PLOT_HISTOGRAM": [0.7607843279838562, 0.7960784435272217, 0.8352941274642944, 0.9309999942779541], "COLOR_PLOT_HISTOGRAM_HOVERED": [0.5921568870544434, 0.7254902124404907, 0.8823529481887817, 1.0], "COLOR_TEXT_SELECTED_BACKGROUND": [1.0532912015914917, 1.0557273626327515, 1.0604560375213623, 1.0], "COLOR_DRAG_DROP_TARGET": [0.9176470637321472, 0.9254902005195618, 0.9333333373069763, 0.9861999750137329], "COLOR_NAV_HIGHLIGHT": [0.7411764860153198, 0.8196078538894653, 0.9137254953384399, 1.0], "COLOR_NAV_WINDOWING_HIGHLIGHT": [1.074734091758728, 1.0772377252578735, 1.0820980072021484, 0.0], "COLOR_NAV_WINDOWING_DIM_BACKGROUND": [1.0532912015914917, 1.0557273626327515, 1.0604560375213623, 0.19963999092578888], "COLOR_MODAL_WINDOW_DIM_BACKGROUND": [0.21641960740089417, 0.21641960740089417, 0.21641960740089417, 1.0]}, "_next_frame_font_size_base": 0.0, "alpha": 1.0, "anti_aliased_fill": true, "anti_aliased_lines": true, "anti_aliased_lines_use_tex": true, "button_text_align": [0.5, 0.5], "cell_padding": [2.799999952316284, 1.0], "child_border_size": 1.0, "child_rounding": 3.0, "circle_tessellation_max_error": 0.30000001192092896, "columns_min_spacing": 6.300000190734863, "curve_tessellation_tol": 1.25, "disabled_alpha": 0.6000000238418579, "display_safe_area_padding": [3.0, 3.0], "display_window_padding": [19.0, 19.0], "docking_node_has_close_button": true, "docking_separator_size": 2.0, "drag_drop_target_border_size": 2.0, "drag_drop_target_padding": 3.0, "drag_drop_target_rounding": 0.0, "font_scale_dpi": 1.0, "font_scale_main": 1.0, "font_size_base": 13.90625, "frame_border_size": 0.0, "frame_padding": [2.0999999046325684, 1.0], "frame_rounding": 3.0, "grab_min_size": 10.899999618530273, "grab_rounding": 3.0, "hover_delay_normal": 0.4000000059604645, "hover_delay_short": 0.15000000596046448, "hover_flags_for_tooltip_mouse": 41984, "hover_flags_for_tooltip_nav": 197632, "hover_stationary_delay": 0.15000000596046448, "image_border_size": 0.0, "image_rounding": 0.0, "indent_spacing": 9.199999809265137, "item_inner_spacing": [3.200000047683716, 4.0], "item_spacing": [3.299999952316284, 3.700000047683716], "layout_align": 0.5, "log_slider_deadzone": 4.0, "mouse_cursor_scale": 1.0, "popup_border_size": 0.0, "popup_rounding": 3.0, "scrollbar_padding": 2.0, "scrollbar_rounding": 9.0, "scrollbar_size": 15.5, "selectable_text_align": [0.0, 0.5], "separator_text_align": [0.0, 0.5], "separator_text_border_size": 3.0, "separator_text_padding": [20.0, 3.0], "tab_bar_border_size": 1.0, "tab_bar_overline_size": 1.0, "tab_border_size": 1.0, "tab_close_button_min_width_selected": -1.0, "tab_close_button_min_width_unselected": 0.0, "tab_min_width_base": 1.0, "tab_min_width_shrink": 80.0, "tab_rounding": 3.0, "table_angled_headers_angle": 0.6108652353286743, "table_angled_headers_text_align": [0.5, 0.0], "touch_extra_padding": [0.0, 0.0], "tree_lines_flags": 262144, "tree_lines_rounding": 0.0, "tree_lines_size": 1.0, "window_border_hover_padding": 4.0, "window_border_size": 0.0, "window_menu_button_position": 0, "window_min_size": [20.0, 32.0], "window_padding": [9.100000381469727, 8.0], "window_rounding": 3.0, "window_title_align": [0.5, 0.5]}