{"_main_scale": 1.0, "colors": {"COLOR_TEXT": [0.8313725590705872, 0.8470588326454163, 0.8784313797950745, 1.0], "COLOR_TEXT_DISABLED": [0.8313725590705872, 0.8470588326454163, 0.8784313797950745, 0.501960813999176], "COLOR_WINDOW_BACKGROUND": [0.1725490242242813, 0.1921568661928177, 0.23529411852359772, 1.0], "COLOR_CHILD_BACKGROUND": [0.0, 0.0, 0.0, 0.15879827737808228], "COLOR_POPUP_BACKGROUND": [0.1725490242242813, 0.1921568661928177, 0.23529411852359772, 1.0], "COLOR_BORDER": [0.23529411852359772, 0.33725491166114807, 0.5254902243614197, 1.0], "COLOR_BORDER_SHADOW": [0.0, 0.0, 0.0, 0.0], "COLOR_FRAME_BACKGROUND": [0.10588235408067703, 0.11372549086809158, 0.13725490868091583, 0.501960813999176], "COLOR_FRAME_BACKGROUND_HOVERED": [0.30980393290519714, 0.6235294342041016, 0.9333333373069763, 0.250980406999588], "COLOR_FRAME_BACKGROUND_ACTIVE": [0.30980393290519714, 0.6235294342041016, 0.9333333373069763, 1.0], "COLOR_TITLE_BACKGROUND": [0.10588235408067703, 0.11372549086809158, 0.13725490868091583, 1.0], "COLOR_TITLE_BACKGROUND_ACTIVE": [0.10588235408067703, 0.11372549086809158, 0.13725490868091583, 1.0], "COLOR_TITLE_BACKGROUND_COLLAPSED": [0.10588235408067703, 0.11372549086809158, 0.13725490868091583, 1.0], "COLOR_MENUBAR_BACKGROUND": [0.10588235408067703, 0.11372549086809158, 0.13725490868091583, 1.0], "COLOR_SCROLLBAR_BACKGROUND": [0.019607843831181526, 0.019607843831181526, 0.019607843831181526, 0.0], "COLOR_SCROLLBAR_GRAB": [0.5333333611488342, 0.5333333611488342, 0.5333333611488342, 1.0], "COLOR_SCROLLBAR_GRAB_HOVERED": [0.3333333432674408, 0.3333333432674408, 0.3333333432674408, 1.0], "COLOR_SCROLLBAR_GRAB_ACTIVE": [0.6000000238418579, 0.6000000238418579, 0.6000000238418579, 1.0], "COLOR_CHECK_MARK": [0.30980393290519714, 0.6235294342041016, 0.9333333373069763, 1.0], "COLOR_SLIDER_GRAB": [0.239215686917305, 0.5215686559677124, 0.8784313797950745, 1.0], "COLOR_SLIDER_GRAB_ACTIVE": [0.25882354378700256, 0.5882353186607361, 0.9803921580314636, 1.0], "COLOR_BUTTON": [0.3529411852359772, 0.4125490188598633, 0.4417647123336792, 0.501960813999176], "COLOR_BUTTON_HOVERED": [0.15294118225574493, 0.1725490242242813, 0.21176470816135406, 1.0], "COLOR_BUTTON_ACTIVE": [0.30980393290519714, 0.6235294342041016, 0.9333333373069763, 1.0], "COLOR_HEADER": [0.229411780834198, 0.25882354378700256, 0.3176470696926117, 1.0], "COLOR_HEADER_HOVERED": [0.30980393290519714, 0.6235294342041016, 0.9333333373069763, 0.250980406999588], "COLOR_HEADER_ACTIVE": [0.30980393290519714, 0.6235294342041016, 0.9333333373069763, 1.0], "COLOR_SEPARATOR": [0.4274509847164154, 0.4274509847164154, 0.49803921580314636, 0.5], "COLOR_SEPARATOR_HOVERED": [0.09803921729326248, 0.4000000059604645, 0.7490196228027344, 0.7799999713897705], "COLOR_SEPARATOR_ACTIVE": [0.09803921729326248, 0.4000000059604645, 0.7490196228027344, 1.0], "COLOR_RESIZE_GRIP": [0.10588235408067703, 0.11372549086809158, 0.13725490868091583, 1.0], "COLOR_RESIZE_GRIP_HOVERED": [0.30980393290519714, 0.6235294342041016, 0.9333333373069763, 0.250980406999588], "COLOR_RESIZE_GRIP_ACTIVE": [0.30980393290519714, 0.6235294342041016, 0.9333333373069763, 1.0], "COLOR_PLOT_LINES": [0.0, 0.0, 0.0, 1.0], "COLOR_PLOT_LINES_HOVERED": [0.30980393290519714, 0.6235294342041016, 0.9333333373069763, 0.250980406999588], "COLOR_PLOT_HISTOGRAM": [0.15294118225574493, 0.1725490242242813, 0.21176470816135406, 1.0], "COLOR_PLOT_HISTOGRAM_HOVERED": [0.30980393290519714, 0.6235294342041016, 0.9333333373069763, 1.0], "COLOR_TEXT_SELECTED_BACKGROUND": [0.25999999046325684, 0.5899999737739563, 0.9800000190734863, 1.0], "COLOR_DRAG_DROP_TARGET": [0.15294118225574493, 0.1725490242242813, 0.21176470816135406, 1.0], "COLOR_NAV_HIGHLIGHT": [0.30980393290519714, 0.6235294342041016, 0.9333333373069763, 1.0], "COLOR_NAV_WINDOWING_HIGHLIGHT": [0.25999999046325684, 0.5899999737739563, 1.0, 0.0], "COLOR_NAV_WINDOWING_DIM_BACKGROUND": [0.25999999046325684, 0.5899999737739563, 0.9800000190734863, 0.21699999272823334], "COLOR_MODAL_WINDOW_DIM_BACKGROUND": [0.20000000298023224, 0.20000000298023224, 0.20000000298023224, 1.0]}, "_next_frame_font_size_base": 0.0, "alpha": 1.0, "anti_aliased_fill": true, "anti_aliased_lines": true, "anti_aliased_lines_use_tex": true, "button_text_align": [0.5, 0.5], "cell_padding": [4.0, 2.0], "child_border_size": 1.0, "child_rounding": 0.0, "circle_tessellation_max_error": 0.30000001192092896, "columns_min_spacing": 6.0, "curve_tessellation_tol": 1.25, "disabled_alpha": 0.5, "display_safe_area_padding": [3.0, 3.0], "display_window_padding": [19.0, 19.0], "docking_node_has_close_button": true, "docking_separator_size": 2.0, "drag_drop_target_border_size": 2.0, "drag_drop_target_padding": 3.0, "drag_drop_target_rounding": 0.0, "font_scale_dpi": 1.0, "font_scale_main": 1.0, "font_size_base": 13.90625, "frame_border_size": 0.0, "frame_padding": [4.0, 3.0], "frame_rounding": 0.0, "grab_min_size": 10.0, "grab_rounding": 0.0, "hover_delay_normal": 0.4000000059604645, "hover_delay_short": 0.15000000596046448, "hover_flags_for_tooltip_mouse": 41984, "hover_flags_for_tooltip_nav": 197632, "hover_stationary_delay": 0.15000000596046448, "image_border_size": 0.0, "image_rounding": 0.0, "indent_spacing": 21.0, "item_inner_spacing": [4.0, 4.0], "item_spacing": [8.0, 4.0], "layout_align": 0.5, "log_slider_deadzone": 4.0, "mouse_cursor_scale": 1.0, "popup_border_size": 1.0, "popup_rounding": 0.0, "scrollbar_padding": 2.0, "scrollbar_rounding": 0.0, "scrollbar_size": 14.0, "selectable_text_align": [0.0, 0.0], "separator_text_align": [0.0, 0.5], "separator_text_border_size": 3.0, "separator_text_padding": [20.0, 3.0], "tab_bar_border_size": 1.0, "tab_bar_overline_size": 1.0, "tab_border_size": 0.0, "tab_close_button_min_width_selected": -1.0, "tab_close_button_min_width_unselected": 0.0, "tab_min_width_base": 1.0, "tab_min_width_shrink": 80.0, "tab_rounding": 0.0, "table_angled_headers_angle": 0.6108652353286743, "table_angled_headers_text_align": [0.5, 0.0], "touch_extra_padding": [0.0, 0.0], "tree_lines_flags": 262144, "tree_lines_rounding": 0.0, "tree_lines_size": 1.0, "window_border_hover_padding": 4.0, "window_border_size": 1.0, "window_menu_button_position": 0, "window_min_size": [32.0, 32.0], "window_padding": [8.0, 8.0], "window_rounding": 0.0, "window_title_align": [0.0, 0.5]}