{"_main_scale": 1.0, "colors": {"COLOR_TEXT": [0.09803921729326248, 0.09803921729326248, 0.09803921729326248, 1.0], "COLOR_TEXT_DISABLED": [0.49803921580314636, 0.49803921580314636, 0.49803921580314636, 1.0], "COLOR_WINDOW_BACKGROUND": [6.643137454986572, 6.643137454986572, 6.643137454986572, 1.0], "COLOR_CHILD_BACKGROUND": [6.643137454986572, 6.643137454986572, 6.643137454986572, 1.0], "COLOR_POPUP_BACKGROUND": [7.0, 7.0, 7.0, 1.0], "COLOR_BORDER": [0.5640000104904175, 0.5640000104904175, 0.5640000104904175, 1.0], "COLOR_BORDER_SHADOW": [0.0, 0.0, 0.0, 0.0], "COLOR_FRAME_BACKGROUND": [0.9900000095367432, 0.9900000095367432, 0.9900000095367432, 1.0], "COLOR_FRAME_BACKGROUND_HOVERED": [0.6232016682624817, 0.7153217792510986, 0.7888627648353577, 0.20000000298023224], "COLOR_FRAME_BACKGROUND_ACTIVE": [0.6232016682624817, 0.7153217792510986, 0.7888627648353577, 1.0], "COLOR_TITLE_BACKGROUND": [0.4629223942756653, 0.4969836175441742, 0.5418823957443237, 0.8619999885559082], "COLOR_TITLE_BACKGROUND_ACTIVE": [0.5425090789794922, 0.5843115448951721, 0.6377255320549011, 1.0], "COLOR_TITLE_BACKGROUND_COLLAPSED": [0.12090979516506195, 0.127876877784729, 0.13639216125011444, 0.9724000096321106], "COLOR_MENUBAR_BACKGROUND": [0.8072941303253174, 0.8072941303253174, 0.8072941303253174, 1.0], "COLOR_SCROLLBAR_BACKGROUND": [0.8072941303253174, 0.8072941303253174, 0.8072941303253174, 1.0], "COLOR_SCROLLBAR_GRAB": [0.6450980305671692, 0.6450980305671692, 0.6450980305671692, 1.0], "COLOR_SCROLLBAR_GRAB_HOVERED": [0.0, 0.0, 0.0, 0.20000000298023224], "COLOR_SCROLLBAR_GRAB_ACTIVE": [0.0, 0.0, 0.0, 0.5], "COLOR_CHECK_MARK": [0.09215686470270157, 0.09215686470270157, 0.09215686470270157, 1.0], "COLOR_SLIDER_GRAB": [0.6450980305671692, 0.6450980305671692, 0.6450980305671692, 1.0], "COLOR_SLIDER_GRAB_ACTIVE": [0.0, 0.0, 0.0, 0.5], "COLOR_BUTTON": [0.8072941303253174, 0.8072941303253174, 0.8072941303253174, 1.0], "COLOR_BUTTON_HOVERED": [0.6232016682624817, 0.7153217792510986, 0.7888627648353577, 0.20000000298023224], "COLOR_BUTTON_ACTIVE": [0.6232016682624817, 0.7153217792510986, 0.7888627648353577, 1.0], "COLOR_HEADER": [0.8072941303253174, 0.8072941303253174, 0.8072941303253174, 1.0], "COLOR_HEADER_HOVERED": [0.6232016682624817, 0.7153217792510986, 0.7888627648353577, 0.20000000298023224], "COLOR_HEADER_ACTIVE": [0.6232016682624817, 0.7153217792510986, 0.7888627648353577, 1.0], "COLOR_SEPARATOR": [0.45422276854515076, 0.45422276854515076, 0.4681568741798401, 0.5], "COLOR_SEPARATOR_HOVERED": [0.5755749344825745, 0.6351821422576904, 0.7040784358978271, 0.7799999713897705], "COLOR_SEPARATOR_ACTIVE": [0.5755749344825745, 0.6351821422576904, 0.7040784358978271, 1.0], "COLOR_RESIZE_GRIP": [0.7762187719345093, 0.8412447571754456, 0.9178823232650757, 0.20000000298023224], "COLOR_RESIZE_GRIP_HOVERED": [0.7762187719345093, 0.8412447571754456, 0.9178823232650757, 0.6700000166893005], "COLOR_RESIZE_GRIP_ACTIVE": [0.7762187719345093, 0.8412447571754456, 0.9178823232650757, 0.949999988079071], "COLOR_PLOT_LINES": [0.0, 0.0, 0.0, 1.0], "COLOR_PLOT_LINES_HOVERED": [0.7317900061607361, 0.7456080317497253, 0.7613999843597412, 0.800000011920929], "COLOR_PLOT_HISTOGRAM": [0.7554779648780823, 0.7574520111083984, 0.7613999843597412, 0.8600000143051147], "COLOR_PLOT_HISTOGRAM_HOVERED": [0.7402499318122864, 0.761963963508606, 0.7895999550819397, 1.0], "COLOR_TEXT_SELECTED_BACKGROUND": [1.34978187084198, 1.3511474132537842, 1.351699709892273, 1.0], "COLOR_DRAG_DROP_TARGET": [0.7649720311164856, 0.7847120761871338, 0.80840003490448, 0.9700000286102295], "COLOR_NAV_HIGHLIGHT": [0.8287979960441589, 0.8485380411148071, 0.8741999864578247, 1.0], "COLOR_NAV_WINDOWING_HIGHLIGHT": [1.3773142099380493, 1.3787176609039307, 1.3792853355407715, 0.0], "COLOR_NAV_WINDOWING_DIM_BACKGROUND": [0.954322874546051, 1.0553326606750488, 1.096190333366394, 1.0], "COLOR_MODAL_WINDOW_DIM_BACKGROUND": [1.0069655179977417, 1.1975501775741577, 1.2746399641036987, 1.0]}, "_next_frame_font_size_base": 0.0, "alpha": 1.0, "anti_aliased_fill": true, "anti_aliased_lines": true, "anti_aliased_lines_use_tex": true, "button_text_align": [0.5, 0.5], "cell_padding": [6.0, 6.0], "child_border_size": 1.0, "child_rounding": 0.0, "circle_tessellation_max_error": 0.30000001192092896, "columns_min_spacing": 6.300000190734863, "curve_tessellation_tol": 1.25, "disabled_alpha": 0.6000000238418579, "display_safe_area_padding": [3.0, 3.0], "display_window_padding": [19.0, 19.0], "docking_node_has_close_button": true, "docking_separator_size": 2.0, "drag_drop_target_border_size": 2.0, "drag_drop_target_padding": 3.0, "drag_drop_target_rounding": 0.0, "font_scale_dpi": 1.0, "font_scale_main": 1.0, "font_size_base": 13.90625, "frame_border_size": 1.0, "frame_padding": [5.0, 2.0], "frame_rounding": 3.0, "grab_min_size": 10.0, "grab_rounding": 0.0, "hover_delay_normal": 0.4000000059604645, "hover_delay_short": 0.15000000596046448, "hover_flags_for_tooltip_mouse": 41984, "hover_flags_for_tooltip_nav": 197632, "hover_stationary_delay": 0.15000000596046448, "image_border_size": 0.0, "image_rounding": 0.0, "indent_spacing": 25.0, "item_inner_spacing": [6.0, 6.0], "item_spacing": [6.0, 6.0], "layout_align": 0.5, "log_slider_deadzone": 4.0, "mouse_cursor_scale": 1.0, "popup_border_size": 1.0, "popup_rounding": 0.0, "scrollbar_padding": 2.0, "scrollbar_rounding": 0.0, "scrollbar_size": 15.0, "selectable_text_align": [0.0, 0.5], "separator_text_align": [0.0, 0.5], "separator_text_border_size": 3.0, "separator_text_padding": [20.0, 3.0], "tab_bar_border_size": 1.0, "tab_bar_overline_size": 1.0, "tab_border_size": 1.0, "tab_close_button_min_width_selected": -1.0, "tab_close_button_min_width_unselected": 0.0, "tab_min_width_base": 1.0, "tab_min_width_shrink": 80.0, "tab_rounding": 0.0, "table_angled_headers_angle": 0.6108652353286743, "table_angled_headers_text_align": [0.5, 0.0], "touch_extra_padding": [0.0, 0.0], "tree_lines_flags": 262144, "tree_lines_rounding": 0.0, "tree_lines_size": 1.0, "window_border_hover_padding": 4.0, "window_border_size": 1.0, "window_menu_button_position": 0, "window_min_size": [20.0, 32.0], "window_padding": [8.0, 8.0], "window_rounding": 0.0, "window_title_align": [0.5, 0.5]}